N,date_full,wday,REGION_NAIMENOVANIE,NOMENKLATURA_EKTU_PODGRUPPA,NOMENKLATURNAYA_GRUPPA_NAIMENOVANIE,Сумма кол-во СТиУ,Сумма выручка
0,2021-01-20,3,Алтайский край,FOOD,БАДы,9.363035148336003,419.59008227297625
1,2021-01-25,1,Санкт-Петербург г.,Прочие услуги,Услуги мойки,494.1684128654351,285093.7650059975
2,2021-01-13,3,Республика Башкортостан,NON-FOOD,СОЖ,3.4495668923501484,1419.3936457589975
3,2021-02-18,4,Вологодская область,NON-FOOD,"Автохимия и автокосметика (кроме масел, смазок и СОЖ)",23.03746498049856,6634.886389034162
4,2021-02-20,6,Иркутская область,NON-FOOD,"Автомобильные масла и смазки пластичные ""Газпром нефть"" (фасованные)",21.022753476733946,13608.451020468163
5,2021-02-21,7,Республика Мордовия,FOOD,Энергетические напитки,56.43801361593899,8380.54384365958
6,2021-03-05,5,Пермский край,FOOD,"Сладкие газированные напитки, холодный чай",223.05124857436766,32219.737461011453
7,2021-04-06,2,Чувашская республика - Чувашия,FOOD,Соки и сокосодержащие напитки,19.05239155382605,2708.2536288664983
8,2021-04-12,1,Санкт-Петербург г.,FOOD,Кондитерские изделия,4170.698631257823,565559.3681835008
9,2021-04-12,1,Тюменская область,FOOD,Пиво,8.2568926619642,577.6854271680231
10,2021-04-18,7,Челябинская область,NON-FOOD,Автотовары,123.55736349111596,75567.61780780494
11,2021-04-19,1,Ленинградская область,NON-FOOD,Уход за автомобилем,185.98294692980707,40972.16534941028
12,2021-04-14,3,Вологодская область,FOOD,Кондитерские изделия,80.29254287868136,9027.410574739448
13,2021-04-21,3,Ямало-Ненецкий автономный округ,NON-FOOD,"Автохимия и автокосметика (кроме масел, смазок и СОЖ)",127.96533165386191,109569.58760080519
14,2021-04-24,6,Республика Адыгея (Адыгея),FOOD,Энергетические напитки,296.1171671077422,64396.5749100861
15,2021-05-01,6,Курганская область,NON-FOOD,Сезонные товары,11.999893723092494,875.0496721203066
16,2021-05-04,2,Санкт-Петербург г.,NON-FOOD,Сезонные товары,197.74302810128864,184450.22161267663
17,2021-05-22,6,Республика Адыгея (Адыгея),FOOD,Бакалея,18.178777205812345,1716.7532345647926
18,2021-05-25,2,Республика Башкортостан,FOOD,Энергетические напитки,41.074941260126835,6566.434286759559
19,2021-06-03,4,Самарская область,FOOD,"Сладкие газированные напитки, холодный чай",733.710542418965,106093.00962647199
20,2021-06-03,4,Воронежская область,FOOD,Гастроном,239.06734105743502,34789.4606391416
21,2021-06-15,2,Самарская область,FOOD,Кондитерские изделия,1364.8143651811138,155788.16865341528
22,2021-06-24,4,Республика Башкортостан,FOOD,Гастроном,57.250669685193955,7426.769500842888
23,2021-06-27,7,Новгородская область,FOOD,Энергетические напитки,553.0854973722224,87550.35952975304
24,2021-07-01,4,Республика Алтай,NON-FOOD,Автомобильные масла и смазки пластичные (фасованные),10.512021623223198,2523.109906779629
25,2021-07-21,3,Псковская область,NON-FOOD,"Автохимия и автокосметика (кроме масел, смазок и СОЖ)",22.162070667618433,8463.232311611939
26,2021-07-24,6,Санкт-Петербург г.,FOOD,Спортивные напитки,138.8968501804194,24754.71649013815
27,2021-07-25,7,Вологодская область,NON-FOOD,Уход за автомобилем,33.699026505926255,4873.802224218752
28,2021-07-26,1,Смоленская область,FOOD,Вода,320.2852804372539,34030.91559212525
29,2021-07-28,3,Республика Татарстан (Татарстан),FOOD,Снеки,12.815648566367905,1958.8519642810852
30,2021-08-09,1,Кемеровская область-Кузбасс,NON-FOOD,"Хозяйственные товары, персональный уход",871.6507091915511,214348.34752600009
31,2021-08-13,5,Рязанская область,CAFÉ,Кофейные напитки с молоком,2295.559856579975,570375.3638582343
32,2021-08-20,5,Республика Алтай,NON-FOOD,"Хозяйственные товары, персональный уход",45.15085713881184,5623.55280611225
33,2021-09-10,5,Омская область,NON-FOOD,Автотовары,185.90108118638014,109718.00549542399
34,2021-09-10,5,Ярославская область,NON-FOOD,Очки для водителя,11.006968707032748,8404.979378591768
35,2021-09-23,4,Свердловская область,FOOD,Спортивные напитки,54.767107761525146,9029.577990293534
36,2021-09-28,2,Липецкая область,FOOD,"Сладкие газированные напитки, холодный чай",55.29328312380585,8282.212852492366
37,2021-09-28,2,Смоленская область,CAFÉ,Прочие напитки кафе,239.43076032000258,47405.79058023883
38,2021-10-04,1,Краснодарский край,FOOD,Спортивные напитки,14.137462927896298,2336.2751636178723
39,2021-09-24,5,Республика Алтай,NON-FOOD,"Автомобильные масла и смазки пластичные ""Газпром нефть"" (фасованные)",22.637134376496032,18134.664189793602
40,2021-09-25,6,Республика Башкортостан,NON-FOOD,Уход за автомобилем,9.75699625973678,1328.6148185334903
41,2021-10-29,5,Республика Карелия,FOOD,Гастроном,7.155880330555744,254.25329107497782
42,2021-11-09,2,Республика Алтай,FOOD,Вода,77.95586819245173,7530.6252522099085
43,2021-11-21,7,Ленинградская область,NON-FOOD,Автомобильные масла и смазки пластичные (фасованные),36.96402134310119,61081.37123521753
44,2021-11-20,6,Пермский край,FOOD,Снеки,107.73084368303346,17427.828592166585
45,2021-11-20,6,Челябинская область,NON-FOOD,Карты лояльности,95.91720165744725,30957.20807974561
46,2021-11-22,1,Алтайский край,NON-FOOD,СОЖ,234.5436024085576,179253.71340984598
47,2021-12-04,6,Тюменская область,NON-FOOD,"Автомобильные масла и смазки пластичные ""Газпром нефть"" (фасованные)",160.84402724624172,112107.28161152554
48,2021-12-11,6,Липецкая область,NON-FOOD,Карты лояльности,17.740503100141655,4503.745987934202
49,2021-12-21,2,Курганская область,FOOD,"Сладкие газированные напитки, холодный чай",187.56253291867867,28848.70971226799
50,2021-12-16,4,Пермский край,Прочие услуги,Услуги АЗС/АЗК,77.78453679052726,3.389183638015898
51,2022-01-04,2,Кемеровская область-Кузбасс,CAFÉ,Общественное питание,3267.031840340775,626029.904269608
52,2022-01-04,2,Республика Татарстан (Татарстан),Прочие услуги,Услуги АЗС/АЗК,5.457713917769711,10.186751818923396
53,2022-01-03,1,Ханты-Мансийский автономный округ - Югра,FOOD,БАДы,9.977950310050847,623.0930754050306
54,2022-01-11,2,Пензенская область,FOOD,Кондитерские изделия,102.49188502138638,13060.139744940649
55,2022-01-11,2,Тульская область,CAFÉ,Кофейные напитки с молоком,255.7100268461655,65443.757621901605
56,2022-01-12,3,Москва г,FOOD,Спортивные напитки,84.56721181893457,15605.223021202539
57,2022-01-18,2,Новосибирская область,FOOD,Спортивные напитки,44.17616596663348,6920.571818262556
58,2022-01-25,2,Липецкая область,FOOD,Соки и сокосодержащие напитки,23.092633259049244,1964.356547392152
59,2022-01-14,5,Псковская область,NON-FOOD,Карты лояльности,5.322410229221271,1695.6646465017816
60,2022-01-31,1,Пензенская область,NON-FOOD,Автотовары,6.302775059118103,708.8937696830454
61,2022-03-05,6,Санкт-Петербург г.,FOOD,Бакалея,204.58185071091557,19220.836653872597
62,2022-03-21,1,Кемеровская область-Кузбасс,FOOD,Энергетические напитки,2183.2700299788426,319174.12093674374
63,2022-03-21,1,Тверская область,FOOD,Бакалея,32.20850674780928,3250.5654931739073
64,2022-03-24,4,Кемеровская область-Кузбасс,FOOD,Гастроном,390.4342447864277,60780.586580729665
65,2022-03-28,1,Нижегородская область,FOOD,Соки и сокосодержащие напитки,118.52328149707822,17895.93264601649
66,2022-04-24,7,Калининградская область,FOOD,"Сладкие газированные напитки, холодный чай",84.95421314405716,15024.190133373406
67,2022-05-18,3,Ленинградская область,FOOD,Спортивные напитки,31.091900474420502,5369.209337666881
68,2022-05-23,1,Республика Адыгея (Адыгея),FOOD,Кондитерские изделия,516.6118031980967,79052.75413702056
69,2022-05-23,1,Ямало-Ненецкий автономный округ,NON-FOOD,"Хозяйственные товары, персональный уход",198.81224014958647,36244.85762701896
70,2022-05-31,2,Тульская область,FOOD,"Сладкие газированные напитки, холодный чай",198.39329851806082,38041.47981104836
71,2022-06-07,2,Тюменская область,NON-FOOD,"Автомобильные масла и смазки пластичные ""Газпром нефть"" (фасованные)",128.61710180789245,171996.26774365036
72,2022-06-08,3,Иркутская область,FOOD,Вода,329.3322029713585,31487.69506286373
73,2022-06-20,1,Тверская область,NON-FOOD,СОЖ,18.578992831858045,7703.98102199797
74,2022-07-01,5,Республика Мордовия,FOOD,Табачные изделия,530.0930054327399,125472.4371776466
75,2022-07-01,5,Московская область,NON-FOOD,СОЖ,283.7565626494495,123503.29492848914
76,2022-07-01,5,Республика Хакасия,CAFÉ,Общественное питание,442.76107195160665,102429.79961019527
77,2022-07-01,5,Республика Алтай,NON-FOOD,"Автохимия и автокосметика (кроме масел, смазок и СОЖ)",9.528457321594994,4752.019576000114
78,2022-06-25,6,Республика Башкортостан,NON-FOOD,Автотовары,8.200994624083274,1552.6036854319334
79,2022-07-05,2,Псковская область,NON-FOOD,Карты лояльности,13.172329750069283,3383.7467220732683
80,2022-07-18,1,Пензенская область,CAFÉ,Общественное питание,278.6607009548602,76814.75063470563
81,2022-07-27,3,Республика Адыгея (Адыгея),CAFÉ,Прочие напитки кафе,708.3742429645803,172377.3032601304
82,2022-08-19,5,Рязанская область,FOOD,Бакалея,47.47149068857509,4647.756623232032
83,2022-09-19,1,Челябинская область,FOOD,Табачные изделия,8498.517584879675,2371774.1843266496
84,2022-10-01,6,Свердловская область,FOOD,Гастроном,700.3132272541579,119206.59637503742
85,2022-09-22,4,Пермский край,FOOD,БАДы,9.37627690942989,2.3878466770232016
86,2022-10-05,3,Красноярский край,FOOD,Пиво,6.855320710486621,283.83862152685145
87,2022-10-23,7,Новгородская область,NON-FOOD,Сезонные товары,46.90372060927575,29630.236106580465
88,2022-11-07,1,Рязанская область,NON-FOOD,СОЖ,154.87391749111003,70289.52483280159
89,2022-11-08,2,Республика Карелия,FOOD,Энергетические напитки,21.991075795366715,4093.7026422228223
90,2022-11-01,2,Новгородская область,NON-FOOD,Автохимия наливная на ТРК,6.6922207308381,6935.699909551174
91,2022-11-02,3,Республика Хакасия,FOOD,Энергетические напитки,73.82632690475909,15803.146835903452
92,2022-11-19,6,Ивановская область,FOOD,Бакалея,32.15920417719868,2218.41925925977
93,2022-12-29,4,Кемеровская область-Кузбасс,FOOD,Кондитерские изделия,3009.8845584247492,446187.80007640534
94,2022-12-11,7,Омская область,NON-FOOD,Уход за автомобилем,244.7025200939605,73913.12636111134
95,2023-01-02,1,Ленинградская область,NON-FOOD,Карты лояльности,31.703081154818022,9010.608009200703
96,2022-12-29,4,Орловская область,NON-FOOD,Карты лояльности,6.216634315328041,565.6201776824428
97,2023-01-18,3,Тюменская область,FOOD,Пиво,3.4075211823527276,345.72733558091227
98,2023-01-10,2,Новгородская область,FOOD,Соки и сокосодержащие напитки,74.24062531528853,10060.692521626808
99,2023-01-09,1,Липецкая область,FOOD,Снеки,13.731629454364848,1123.8302595312925
100,2023-01-11,3,Кемеровская область-Кузбасс,FOOD,Спортивные напитки,12.239042709410974,572.7806933988011
101,2023-02-05,7,Ленинградская область,FOOD,Табачные изделия,5646.993127070585,1692586.1997336305
102,2023-02-10,5,Республика Хакасия,NON-FOOD,Уход за автомобилем,17.490362906467713,5336.865963371088
103,2023-02-23,4,Тверская область,FOOD,Кондитерские изделия,851.9895019001004,160341.35555466326
104,2023-03-01,3,Новгородская область,FOOD,Энергетические напитки,450.0088934878156,87866.41342560893
105,2023-03-09,4,Краснодарский край,NON-FOOD,"Автохимия и автокосметика (кроме масел, смазок и СОЖ)",139.88621753777383,58773.965005147606
106,2023-03-04,6,Орловская область,FOOD,Табачные изделия,195.72317425199498,54389.35088538718
107,2023-03-06,1,Нижегородская область,FOOD,Бакалея,55.64679982554226,3731.7108667838606
108,2023-03-30,4,Самарская область,FOOD,"Сладкие газированные напитки, холодный чай",502.7141800272124,86120.7131513224
109,2023-03-31,5,Алтайский край,FOOD,Снеки,368.61212290689537,63518.168325902065
110,2023-03-23,4,Пермский край,NON-FOOD,Автотовары,24.38121798723697,12312.78602613372
111,2023-04-18,2,Республика Карелия,FOOD,Кондитерские изделия,94.17830528100902,13000.018045588193
112,2023-04-24,1,Костромская область,FOOD,Вода,122.14557357178677,12903.593628986991
113,2023-04-08,6,Республика Татарстан (Татарстан),CAFÉ,Общественное питание,124.62201086320083,28675.81857318798
114,2023-04-02,7,Ямало-Ненецкий автономный округ,FOOD,Кондитерские изделия,1035.5501627826172,165327.82250924522
115,2023-06-05,1,Ярославская область,NON-FOOD,Карты лояльности,25.3249717281726,5639.810802706067
116,2023-05-27,6,Пермский край,CAFÉ,Общественное питание,592.4325704905663,169413.1463406896
117,2023-06-03,6,Белгородская область,NON-FOOD,"Хозяйственные товары, персональный уход",23.878291354415165,2806.1392411842617
118,2023-05-28,7,Чувашская республика - Чувашия,FOOD,Энергетические напитки,72.10943704579005,20491.626542257098
119,2023-07-03,1,Нижегородская область,FOOD,"Сладкие газированные напитки, холодный чай",1102.180010721665,211154.54092409313
120,2023-07-04,2,Липецкая область,CAFÉ,Прочие напитки кафе,87.1763086890691,23659.415414303767
121,2023-07-06,4,Калининградская область,CAFÉ,Прочие напитки кафе,244.9474691449225,43494.473522696004
122,2023-07-04,2,Республика Карелия,FOOD,Соки и сокосодержащие напитки,11.886008940766093,1678.6989066751662
123,2023-07-28,5,Краснодарский край,NON-FOOD,Очки для водителя,37.713182816096264,69755.13079430602
124,2023-08-14,1,Челябинская область,FOOD,Пиво,11.144672764999909,1403.6551344293914
125,2023-08-22,2,Мурманская область,NON-FOOD,Карты лояльности,42.96395138629807,12954.854793455332
126,2023-08-06,7,Орловская область,NON-FOOD,"Хозяйственные товары, персональный уход",27.03873627100832,5074.842448572276
127,2023-08-09,3,Республика Татарстан (Татарстан),NON-FOOD,"Автомобильные масла и смазки пластичные ""Газпром нефть"" (фасованные)",23.805202729494482,20595.04116360141
128,2023-09-01,5,Краснодарский край,FOOD,Спортивные напитки,8.66086537892441,707.1552145169
129,2023-08-28,1,Омская область,NON-FOOD,Автохимия наливная на ТРК,8.244382708589274,18386.621597831952
130,2023-08-24,4,Москва г,NON-FOOD,Автомобильные масла и смазки пластичные (фасованные),27.3743520779208,59669.32047544741
131,2023-09-24,7,Новгородская область,NON-FOOD,Уход за автомобилем,104.75785904536461,35649.34859573745
132,2023-09-30,6,Новосибирская область,FOOD,Вода,4620.306327592107,631090.8595202824
133,2023-10-05,4,Тульская область,NON-FOOD,СОЖ,24.583716480134953,12869.317905974762
134,2023-10-04,3,Краснодарский край,FOOD,Бакалея,167.47416332344025,19847.21670354925
135,2023-10-16,1,Владимирская область,NON-FOOD,Сезонные товары,32.302144878037,28555.299714638353
136,2023-10-18,3,Республика Мордовия,FOOD,Гастроном,23.31591618673695,4585.45728203559
137,2023-10-15,7,Владимирская область,NON-FOOD,"Хозяйственные товары, персональный уход",172.2573317484359,37110.10486165427
138,2021-01-04,1,Липецкая область,CAFÉ,Прочие напитки кафе,79.37825747087285,14914.084171308228
139,2021-02-16,2,Челябинская область,FOOD,Табачные изделия,7349.572908082093,1783861.4759357225
140,2021-02-16,2,Вологодская область,NON-FOOD,Карты лояльности,15.31063472289471,3391.26552006555
141,2021-01-22,5,Нижегородская область,NON-FOOD,Уход за автомобилем,143.28968731414167,41729.67317162724
142,2021-02-20,6,Ярославская область,FOOD,Энергетические напитки,690.5718267428736,140061.96880075394
143,2021-02-21,7,Ивановская область,FOOD,Соки и сокосодержащие напитки,125.00692965888662,17501.170310310576
144,2021-03-04,4,Республика Башкортостан,FOOD,Табачные изделия,156.52376882758085,36717.52854789861
145,2021-03-05,5,Томская область,NON-FOOD,СОЖ,163.98426643245273,110923.36425218992
146,2021-03-24,3,Курская область,FOOD,Соки и сокосодержащие напитки,12.32861746068588,1214.78839093089
147,2021-03-26,5,Республика Хакасия,CAFÉ,Общественное питание,199.15562927164066,44867.085972219065
148,2021-04-29,4,Тюменская область,NON-FOOD,"Хозяйственные товары, персональный уход",794.2043570715595,212109.50392409778
149,2021-05-10,1,Рязанская область,FOOD,Снеки,654.2268454210304,96050.3913979608
150,2021-05-12,3,Санкт-Петербург г.,FOOD,Кондитерские изделия,4093.8306097519467,537163.7509060012
151,2021-05-15,6,Новгородская область,FOOD,"Сладкие газированные напитки, холодный чай",279.46545642295104,36836.3793147288
152,2021-05-21,5,Республика Адыгея (Адыгея),NON-FOOD,Тиражная лотерея,7.367861104956484,791.4239639776064
153,2021-05-22,6,Новосибирская область,FOOD,Кондитерские изделия,5483.668243794179,619787.4596920619
154,2021-05-28,5,Владимирская область,CAFÉ,Прочие напитки кафе,1293.7922806441238,241956.64381645725
155,2021-05-30,7,Пермский край,NON-FOOD,Автомобильные масла и смазки пластичные (фасованные),12.672940125130435,13525.053156050713
156,2021-06-18,5,Алтайский край,FOOD,Энергетические напитки,1921.3230991484231,311654.6576244536
157,2021-06-23,3,Республика Башкортостан,FOOD,Энергетические напитки,29.785902723917488,5424.223722665388
158,2021-06-25,5,Владимирская область,NON-FOOD,Карты лояльности,43.992523376098625,14081.842762861914
159,2021-06-27,7,Красноярский край,NON-FOOD,СОЖ,79.32211401020851,28760.621451533396
160,2021-06-30,3,Воронежская область,CAFÉ,Прочие напитки кафе,651.1769222725516,121839.86694688455
161,2021-07-01,4,Кемеровская область-Кузбасс,FOOD,БАДы,5.030797578817634,145.10579215223905
162,2021-07-06,2,Республика Хакасия,FOOD,Табачные изделия,729.7964775324458,184118.65951280453
163,2021-07-09,5,Москва г,FOOD,Бакалея,180.49125103626804,25088.634969886876
164,2021-07-17,6,Владимирская область,NON-FOOD,"Автомобильные масла и смазки пластичные ""Газпром нефть"" (фасованные)",55.75402522902367,34871.13574361138
165,2021-07-20,2,Нижегородская область,NON-FOOD,"Хозяйственные товары, персональный уход",541.9858246730613,115195.21415894137
166,2021-07-14,3,Республика Хакасия,NON-FOOD,СОЖ,29.685997083955066,7321.544479961104
167,2021-07-23,5,Калининградская область,NON-FOOD,СОЖ,7.049896014068292,3840.7769255736193
168,2021-08-01,7,Чувашская республика - Чувашия,FOOD,Энергетические напитки,163.087562075797,36360.91199299707
169,2021-08-02,1,Кемеровская область-Кузбасс,FOOD,Гастроном,1145.590761095676,172662.19803733143
170,2021-08-20,5,Курганская область,NON-FOOD,СОЖ,25.32332371089433,7085.737904013532
171,2021-08-20,5,Челябинская область,NON-FOOD,Очки для водителя,17.23112739856253,40180.603265978614
172,2021-08-23,1,Пермский край,FOOD,Снеки,97.39282542140441,12272.039469945468
173,2021-08-30,1,Свердловская область,FOOD,Кондитерские изделия,5235.60055387801,660138.3500802924
174,2021-09-05,7,Псковская область,FOOD,"Сладкие газированные напитки, холодный чай",150.44656884932925,20285.413843124395
175,2021-09-04,6,Иркутская область,NON-FOOD,Автомобильные масла и смазки пластичные (фасованные),6.533121260895808,3732.0494423070954
176,2021-09-14,2,Ленинградская область,CAFÉ,Кофейные напитки с молоком,4482.248330946714,1127701.3795818693
177,2021-09-17,5,Челябинская область,FOOD,Спортивные напитки,21.219497824181538,3553.6276901431343
178,2021-09-20,1,Республика Хакасия,NON-FOOD,"Автомобильные масла и смазки пластичные ""Газпром нефть"" (фасованные)",44.49590243186226,35165.776877508244
179,2021-10-22,5,Калужская область,NON-FOOD,"Автохимия и автокосметика (кроме масел, смазок и СОЖ)",34.78597932032916,29703.050695743816
180,2021-10-25,1,Тверская область,NON-FOOD,Автомобильные масла и смазки пластичные (фасованные),6.9663818000884,3372.1513630422814
181,2021-10-27,3,Рязанская область,CAFÉ,Общественное питание,1185.0303866770284,213046.62058602824
182,2021-11-02,2,Иркутская область,FOOD,Бакалея,50.102638751233975,1742.4311614754952
183,2021-11-12,5,Кемеровская область-Кузбасс,CAFÉ,Прочие напитки кафе,1602.21345138274,289669.6811498572
184,2021-11-24,3,Челябинская область,NON-FOOD,Тиражная лотерея,7.584025191921217,894.0278496739339
185,2021-11-28,7,Тульская область,NON-FOOD,Автотовары,27.324818235755327,6816.346904089947
186,2021-12-02,4,Псковская область,NON-FOOD,Сезонные товары,2.429546865138031,709.8038758423335
187,2021-12-21,2,Курганская область,FOOD,Гастроном,51.604017826231654,9148.466900322763
188,2021-12-31,5,Тульская область,NON-FOOD,СОЖ,332.2675596233249,226535.3141481114
189,2022-01-10,1,Новосибирская область,FOOD,БАДы,15.300559199703756,4564.102256189532
190,2022-01-10,1,Ленинградская область,NON-FOOD,Сезонные товары,64.01802575567284,52614.64141089419
191,2022-01-14,5,Пензенская область,NON-FOOD,Уход за автомобилем,17.21462631013805,3539.459533485676
192,2022-01-16,7,Чувашская республика - Чувашия,FOOD,Вода,135.2676545695632,15607.042040008051
193,2022-01-24,1,Красноярский край,FOOD,Энергетические напитки,923.5552929389247,174451.74833012169
194,2022-01-31,1,Санкт-Петербург г.,NON-FOOD,Уход за автомобилем,482.53085682483976,162574.75764413152
195,2022-02-09,3,Краснодарский край,FOOD,Вода,2128.563733067806,229648.10450994194
196,2022-02-22,2,Тюменская область,FOOD,Табачные изделия,18322.372160096365,4654215.589463065
197,2022-02-22,2,Владимирская область,NON-FOOD,Очки для водителя,9.375564369167297,11453.028717830619
198,2022-02-27,7,Омская область,NON-FOOD,Автотовары,148.708562201476,71594.33636855536
199,2022-03-05,6,Тверская область,FOOD,Гастроном,123.74288644027538,18454.696165846282
200,2022-03-05,6,Ханты-Мансийский автономный округ - Югра,NON-FOOD,Автотовары,82.16914977617097,49440.47433888479
201,2022-03-04,5,Ярославская область,NON-FOOD,"Автохимия и автокосметика (кроме масел, смазок и СОЖ)",100.75968828225075,124287.89917343539
202,2022-03-31,4,Владимирская область,FOOD,Бакалея,29.745601219751705,2127.467027790757
203,2022-04-04,1,Иркутская область,NON-FOOD,"Автомобильные масла и смазки пластичные ""Газпром нефть"" (фасованные)",29.76543292352172,25210.43497790347
204,2022-04-06,3,Вологодская область,NON-FOOD,"Автохимия и автокосметика (кроме масел, смазок и СОЖ)",7.742786112652919,3295.9288146557333
205,2022-04-24,7,Челябинская область,NON-FOOD,Автохимия наливная на ТРК,1.36026775633676,34227.71212612475
206,2022-04-30,6,Омская область,FOOD,"Сладкие газированные напитки, холодный чай",2873.431542493111,474948.1434538557
207,2022-05-23,1,Новосибирская область,Прочие услуги,Услуги АЗС/АЗК,205.68277590669643,2552.535779601626
208,2022-05-27,5,Кемеровская область-Кузбасс,NON-FOOD,Автомобильные масла и смазки пластичные (фасованные),12.836978488433672,23954.32915533614
209,2021-01-24,7,Республика Алтай,FOOD,Бакалея,8.152296816418392,371.9724869399951
210,2021-02-11,4,Иркутская область,FOOD,БАДы,13.138806454003053,403.08792747255836
211,2021-02-08,1,Вологодская область,FOOD,Соки и сокосодержащие напитки,23.26145415383943,2484.0681732746407
212,2021-01-29,5,Курская область,FOOD,Снеки,25.038063796237566,4216.6604541659135
213,2021-02-16,2,Челябинская область,CAFÉ,Кофейные напитки с молоком,4470.537235203403,951509.8476288711
214,2021-01-30,6,Краснодарский край,NON-FOOD,Тиражная лотерея,13.384482643051934,990.5059028768986
215,2021-03-01,1,Свердловская область,NON-FOOD,Автотовары,289.524866104701,159603.74863331422
216,2021-03-09,2,Москва г,CAFÉ,Общественное питание,6309.640022669486,1352071.3641612572
217,2021-03-11,4,Иркутская область,NON-FOOD,"Хозяйственные товары, персональный уход",213.64188374875738,8447.728386390128
218,2021-03-12,5,Москва г,NON-FOOD,СОЖ,873.6317034306085,517356.18391205213
219,2021-03-12,5,Смоленская область,CAFÉ,Прочие напитки кафе,319.878510327809,70703.56646016175
220,2021-03-19,5,Красноярский край,FOOD,Снеки,431.81969553941445,77037.66444598693
221,2021-03-21,7,Липецкая область,CAFÉ,Прочие напитки кафе,91.05653746145826,16797.69468143622
222,2021-03-23,2,Москва г,FOOD,Спортивные напитки,126.50129281111316,22085.348232044405
223,2021-03-25,4,Вологодская область,CAFÉ,Кофейные напитки с молоком,320.84847577358744,74485.8253516383
224,2021-03-25,4,Алтайский край,NON-FOOD,"Автохимия и автокосметика (кроме масел, смазок и СОЖ)",106.60556441423202,40807.168797199374
225,2021-03-16,2,Владимирская область,FOOD,БАДы,9.756232794790506,232.92820471783145
226,2021-03-28,7,Смоленская область,CAFÉ,Общественное питание,306.71958409069384,77066.11980032404
227,2021-04-05,1,Калининградская область,NON-FOOD,Автотовары,34.6330933908339,6534.901373412338
228,2021-04-05,1,Челябинская область,NON-FOOD,СОЖ,192.96703663421908,89857.3502467984
229,2021-04-09,5,Чувашская республика - Чувашия,CAFÉ,Прочие напитки кафе,211.59029998711776,38553.5237292516
230,2021-05-02,7,Владимирская область,NON-FOOD,СОЖ,20.044157934573004,7320.467130334547
231,2021-05-15,6,Томская область,CAFÉ,Общественное питание,238.35892626829164,53184.53474486877
232,2021-06-08,2,Нижегородская область,FOOD,Кондитерские изделия,1362.0477708272624,173545.483043657
233,2021-06-13,7,Иркутская область,NON-FOOD,Автотовары,21.606461546655616,4940.647884983607
234,2021-06-18,5,Краснодарский край,NON-FOOD,"Хозяйственные товары, персональный уход",836.0521885442582,175594.5427944881
235,2021-07-08,4,Свердловская область,FOOD,Снеки,1286.9364573765374,193061.85536789487
236,2021-07-08,4,Новосибирская область,NON-FOOD,Уход за автомобилем,495.1465915507203,111732.00641324058
237,2021-07-16,5,Челябинская область,NON-FOOD,Уход за автомобилем,186.3967968681618,54306.38311361037
238,2021-07-26,1,Новосибирская область,FOOD,Энергетические напитки,4606.250705897081,894968.3664055252
239,2021-07-23,5,Республика Хакасия,NON-FOOD,Очки для водителя,4.835648400981716,3552.244175297286
240,2021-08-04,3,Воронежская область,NON-FOOD,Автотовары,37.21094717370763,31910.67964572088
241,2021-08-14,6,Ивановская область,FOOD,Кондитерские изделия,1233.389243238113,169289.2927766237
242,2021-08-21,6,Кемеровская область-Кузбасс,CAFÉ,Общественное питание,4136.151481286012,748563.588473164
243,2021-08-24,2,Рязанская область,NON-FOOD,"Хозяйственные товары, персональный уход",235.8561808255934,70318.11062556943
244,2021-08-28,6,Ханты-Мансийский автономный округ - Югра,NON-FOOD,Автотовары,117.07160961994951,67681.26659371179
245,2021-08-27,5,Свердловская область,FOOD,БАДы,20.23441679942666,1759.2268007620726
246,2021-09-24,5,Ханты-Мансийский автономный округ - Югра,NON-FOOD,Автотовары,88.57293879393615,46819.09667291116
247,2021-09-26,7,Красноярский край,FOOD,Гастроном,273.2400250056847,39741.03664240579
248,2021-09-27,1,Москва г,FOOD,Кондитерские изделия,7646.602216768335,1149005.3637314548
249,2021-10-11,1,Владимирская область,NON-FOOD,"Автохимия и автокосметика (кроме масел, смазок и СОЖ)",35.6143571907671,33957.58614259871
250,2021-10-24,7,Томская область,CAFÉ,Кофейные напитки с молоком,773.7247099301013,186942.78466704892
251,2021-11-01,1,Курская область,NON-FOOD,Уход за автомобилем,4.649572928806493,713.9848642320005
252,2021-11-11,4,Ярославская область,NON-FOOD,Автотовары,188.35581178109825,88777.40491591346
253,2021-11-14,7,Владимирская область,CAFÉ,Общественное питание,1773.8747802377152,352288.01281782397
254,2021-11-19,5,Московская область,NON-FOOD,"Автомобильные масла и смазки пластичные ""Газпром нефть"" (фасованные)",360.91273363910085,303924.362036031
255,2021-12-04,6,Тверская область,NON-FOOD,"Хозяйственные товары, персональный уход",194.14021184323033,43299.586855140304
256,2022-01-19,3,Кемеровская область-Кузбасс,NON-FOOD,СОЖ,69.6392501313438,56315.49660153662
257,2022-01-08,6,Нижегородская область,NON-FOOD,Уход за автомобилем,165.98112913653137,52253.595182430305
258,2022-01-22,6,Смоленская область,NON-FOOD,"Хозяйственные товары, персональный уход",56.29930402098981,16277.053138897489
259,2022-01-27,4,Республика Башкортостан,FOOD,Снеки,12.442068452382966,2367.2342306556525
260,2022-02-05,6,Ивановская область,NON-FOOD,"Хозяйственные товары, персональный уход",212.55435797797836,47255.85602826595
261,2022-02-17,4,Костромская область,NON-FOOD,СОЖ,27.22967874113898,14093.37407832637
262,2022-03-12,6,Рязанская область,NON-FOOD,СОЖ,57.32687232525887,20035.840502552895
263,2022-03-19,6,Республика Адыгея (Адыгея),NON-FOOD,Карты лояльности,26.042788831209442,6760.389682186739
264,2022-03-22,2,Нижегородская область,FOOD,Вода,937.3728215832326,121607.01647853597
265,2022-04-18,1,Москва г,FOOD,Гастроном,1459.0067402944098,235902.9914803517
266,2022-04-01,5,Ямало-Ненецкий автономный округ,NON-FOOD,Автомобильные масла и смазки пластичные (фасованные),11.234702100921604,48783.38894391725
267,2022-04-01,5,Смоленская область,NON-FOOD,СОЖ,12.202308417477362,7468.017995569208
268,2022-04-10,7,Республика Хакасия,NON-FOOD,СОЖ,10.461785560780354,3301.684689807525
269,2022-04-24,7,Кемеровская область-Кузбасс,NON-FOOD,Карты лояльности,127.12808304043828,38298.66983035864
270,2022-05-11,3,Республика Татарстан (Татарстан),FOOD,Гастроном,7.763809118323038,699.7658778811656
271,2022-05-24,2,Республика Хакасия,FOOD,Гастроном,22.82815365221475,3627.55585440791
272,2022-06-04,6,Тюменская область,NON-FOOD,Карты лояльности,55.00822107619435,17477.07187998508
273,2022-06-04,6,Свердловская область,NON-FOOD,СОЖ,154.1193793811163,55545.15948992533
274,2022-06-02,4,Новосибирская область,NON-FOOD,Сезонные товары,98.07581174502218,122200.6954495855
275,2022-06-11,6,Краснодарский край,NON-FOOD,Тиражная лотерея,15.33668114316147,1417.4363947058232
276,2022-07-14,4,Республика Адыгея (Адыгея),NON-FOOD,Уход за автомобилем,46.62699092452675,13393.99241069127
277,2022-08-06,6,Санкт-Петербург г.,NON-FOOD,СОЖ,174.85255778259236,70587.69856113965
278,2022-08-14,7,Чувашская республика - Чувашия,FOOD,Снеки,79.90057370429084,17643.845871780053
279,2022-08-20,6,Алтайский край,CAFÉ,Общественное питание,2280.3097555155205,603321.5248482554
280,2022-09-11,7,Тюменская область,CAFÉ,Прочие напитки кафе,3439.2887534877937,794035.0558895558
281,2022-09-10,6,Алтайский край,FOOD,Снеки,474.1168711306947,75399.47044274415
282,2021-01-22,5,Челябинская область,FOOD,Гастроном,235.22379837481893,30112.399094855544
283,2021-01-01,5,Курганская область,FOOD,Соки и сокосодержащие напитки,19.18209966949282,1990.366581777791
284,2021-02-02,2,Республика Мордовия,NON-FOOD,"Автомобильные масла и смазки пластичные ""Газпром нефть"" (фасованные)",4.62539514491712,3400.4923379237925
285,2021-01-24,7,Москва г,CAFÉ,Общественное питание,4748.168977733573,970381.413838258
286,2021-01-28,4,Владимирская область,CAFÉ,Прочие напитки кафе,984.3474466775684,179141.05874968073
287,2021-01-29,5,Воронежская область,FOOD,Энергетические напитки,162.6737246784253,31080.81932238322
288,2021-01-01,5,Томская область,FOOD,Кондитерские изделия,155.26549349105133,19510.91585727881
289,2021-02-18,4,Ханты-Мансийский автономный округ - Югра,FOOD,Табачные изделия,4414.707039966502,1093298.995429177
290,2021-01-03,7,Курганская область,CAFÉ,Прочие напитки кафе,251.56752280800396,42064.212398722026
291,2021-02-16,2,Вологодская область,FOOD,БАДы,6.695992563127968,239.38308951619447
292,2021-01-31,7,Костромская область,NON-FOOD,"Автомобильные масла и смазки пластичные ""Газпром нефть"" (фасованные)",6.787119452436891,3691.786279359622
293,2021-03-07,7,Ханты-Мансийский автономный округ - Югра,FOOD,"Сладкие газированные напитки, холодный чай",781.6511024081148,107718.58600770573
294,2021-03-19,5,Костромская область,NON-FOOD,СОЖ,25.305723694008734,10607.269001692044
295,2021-03-23,2,Свердловская область,FOOD,"Сладкие газированные напитки, холодный чай",2178.748585467477,284422.63475774357
296,2021-03-25,4,Самарская область,NON-FOOD,Автотовары,69.99760357828882,21738.254461366392
297,2021-03-29,1,Смоленская область,FOOD,Гастроном,62.026377183423676,6764.920816572373
298,2021-04-16,5,Нижегородская область,FOOD,Гастроном,348.09772038582247,49988.74088719424
299,2021-04-12,1,Воронежская область,FOOD,Снеки,117.9387383033161,15533.839311975602
300,2021-04-27,2,Новгородская область,NON-FOOD,"Хозяйственные товары, персональный уход",79.53608969501727,30968.47403631076
301,2021-06-04,5,Новосибирская область,FOOD,Соки и сокосодержащие напитки,821.7588879583343,104323.85044911435
302,2021-06-16,3,Ямало-Ненецкий автономный округ,NON-FOOD,Уход за автомобилем,133.87683893191146,35587.60498700509
303,2021-06-29,2,Тверская область,NON-FOOD,Сезонные товары,52.74104417343095,20816.718979856738
304,2021-06-29,2,Республика Алтай,NON-FOOD,Автомобильные масла и смазки пластичные (фасованные),9.558974224118934,3368.7888999956726
305,2021-07-01,4,Кемеровская область-Кузбасс,NON-FOOD,Карты лояльности,101.87448299463614,32648.611398879337
306,2021-07-11,7,Воронежская область,NON-FOOD,"Автохимия и автокосметика (кроме масел, смазок и СОЖ)",41.12517375682896,15319.792443237375
307,2021-07-15,4,Республика Карелия,FOOD,Гастроном,63.5003099125783,8497.093215225592
308,2021-07-16,5,Нижегородская область,NON-FOOD,Автотовары,188.00237142701408,104432.62307555234
309,2021-07-12,1,Ямало-Ненецкий автономный округ,FOOD,БАДы,4.726907522292886,822.7838853991349
310,2021-07-18,7,Ленинградская область,NON-FOOD,Уход за автомобилем,256.67465252532025,64192.75748643088
311,2021-07-18,7,Чувашская республика - Чувашия,NON-FOOD,Сезонные товары,28.885274572651486,5966.174037014182
312,2021-08-10,2,Новосибирская область,FOOD,Пиво,11.336042806677263,197.4936244216944
313,2021-08-30,1,Нижегородская область,NON-FOOD,Очки для водителя,17.96538173377535,35163.70767163118
314,2021-09-02,4,Республика Карелия,NON-FOOD,Автотовары,7.884193803334091,853.2175258004041
315,2021-09-11,6,Псковская область,NON-FOOD,Карты лояльности,14.319796015967485,3940.308037416425
316,2022-09-10,6,Самарская область,FOOD,Бакалея,32.47337808123405,3614.340665328721
317,2022-09-08,4,Краснодарский край,FOOD,Пиво,3.867243396306938,623.4583166182957
318,2022-10-07,5,Красноярский край,CAFÉ,Кофейные напитки с молоком,3703.8127317917997,1036107.685956988
319,2022-09-28,3,Челябинская область,FOOD,Гастроном,278.5140162937429,43822.488875131065
320,2022-10-13,4,Смоленская область,NON-FOOD,Карты лояльности,9.082054956457068,2257.2978043531457
321,2022-10-08,6,Пензенская область,FOOD,Гастроном,53.082816827779645,8012.588811046806
322,2022-10-22,6,Воронежская область,FOOD,Соки и сокосодержащие напитки,39.028141071946166,6902.518551394751
323,2022-10-23,7,Тверская область,NON-FOOD,Автотовары,34.202106042674814,22269.17988778634
324,2022-10-24,1,Москва г,NON-FOOD,"Автомобильные масла и смазки пластичные ""Газпром нефть"" (фасованные)",230.23425621775993,288752.9334191516
325,2022-10-30,7,Омская область,FOOD,Снеки,664.5916406291029,115104.36911793114
326,2022-11-01,2,Чувашская республика - Чувашия,FOOD,Спортивные напитки,10.778730019605693,266.4100849953084
327,2022-11-19,6,Ленинградская область,NON-FOOD,Карты лояльности,61.87664825274601,17453.424948268577
328,2022-11-23,3,Республика Мордовия,NON-FOOD,Карты лояльности,19.641339955242316,3397.2008831720937
329,2022-11-18,5,Тверская область,NON-FOOD,"Автомобильные масла и смазки пластичные ""Газпром нефть"" (фасованные)",19.982136738317543,12185.44088447325
330,2022-11-18,5,Вологодская область,FOOD,Бакалея,12.283689707625875,257.3075580827327
331,2022-12-12,1,Ярославская область,NON-FOOD,СОЖ,162.73402357684748,96621.23366699784
332,2022-12-02,5,Кемеровская область-Кузбасс,FOOD,Соки и сокосодержащие напитки,244.27126953642193,43905.67538059883
333,2023-01-12,4,Свердловская область,NON-FOOD,Сезонные товары,81.65152679519471,78510.17079050647
334,2023-01-19,4,Республика Мордовия,CAFÉ,Прочие напитки кафе,157.19606707619542,30406.628566066676
335,2023-01-25,3,Республика Хакасия,FOOD,Табачные изделия,613.1108253836477,175358.34556139598
336,2023-01-01,7,Пензенская область,FOOD,Табачные изделия,159.09657686321313,48737.255783321714
337,2023-02-06,1,Нижегородская область,NON-FOOD,"Автохимия и автокосметика (кроме масел, смазок и СОЖ)",104.5991989512602,65872.49030626299
338,2023-02-01,3,Республика Адыгея (Адыгея),NON-FOOD,Сезонные товары,14.11709197414698,10191.04642847286
339,2023-01-29,7,Республика Хакасия,CAFÉ,Прочие напитки кафе,124.17655123000372,33401.00106366633
340,2023-01-31,2,Пензенская область,NON-FOOD,Очки для водителя,11.587962460344961,4534.265280657842
341,2023-02-20,1,Московская область,NON-FOOD,Уход за автомобилем,906.2904731228252,302638.34810003336
342,2023-02-22,3,Ивановская область,FOOD,Бакалея,27.787875805380548,2112.9901810073525
343,2023-02-26,7,Тульская область,FOOD,Вода,537.2205195946519,78666.53610232449
344,2023-03-06,1,Челябинская область,FOOD,Бакалея,62.6608937712681,6566.582645036389
345,2023-04-05,3,Мурманская область,CAFÉ,Прочие напитки кафе,1085.6948609943283,298770.785895959
346,2023-04-05,3,Рязанская область,CAFÉ,Кофейные напитки с молоком,1449.456139429102,410680.0476985127
347,2023-03-31,5,Самарская область,FOOD,Бакалея,38.34483916720667,6817.871401694312
348,2023-05-13,6,Ленинградская область,FOOD,Пиво,18.31256888953367,1866.597939787136
349,2023-05-14,7,Ямало-Ненецкий автономный округ,CAFÉ,Кофейные напитки с молоком,2747.0214206731825,922092.4944199187
350,2023-05-18,4,Иркутская область,NON-FOOD,Уход за автомобилем,49.064912126600156,15302.049503197253
351,2023-06-08,4,Чувашская республика - Чувашия,FOOD,Кондитерские изделия,240.19900282227056,46752.5432844548
352,2021-09-27,1,Красноярский край,FOOD,Табачные изделия,6418.9741948276915,1684816.0990087474
353,2021-09-27,1,Санкт-Петербург г.,FOOD,БАДы,14.483193433917785,1612.917050713355
354,2021-10-06,3,Московская область,NON-FOOD,Тиражная лотерея,20.39038562914097,1925.2582826531511
355,2021-10-14,4,Пермский край,FOOD,Гастроном,40.118814962397074,5586.1410309665225
356,2021-10-16,6,Пермский край,NON-FOOD,Карты лояльности,14.390938972092858,4503.826321284736
357,2021-10-24,7,Рязанская область,FOOD,Гастроном,187.16549502594077,25394.949242761802
358,2021-11-04,4,Ленинградская область,FOOD,Кондитерские изделия,3365.5571972357034,508646.5452323
359,2021-11-09,2,Республика Алтай,FOOD,Бакалея,12.762532954575672,186.59410341664216
360,2021-11-14,7,Липецкая область,FOOD,Снеки,28.277150295733797,2147.5013954042897
361,2021-11-15,1,Новосибирская область,FOOD,Пиво,4.979351359437945,241.94956699986503
362,2021-11-30,2,Костромская область,FOOD,Гастроном,10.729329998802172,700.1779305824703
363,2021-11-23,2,Пензенская область,NON-FOOD,Автомобильные масла и смазки пластичные (фасованные),4.098702845492836,1568.4067736846687
364,2021-12-23,4,Алтайский край,FOOD,Гастроном,268.4874910186705,33981.14232087153
365,2022-01-04,2,Чувашская республика - Чувашия,CAFÉ,Прочие напитки кафе,238.11349572428978,42485.16857197939
366,2022-01-17,1,Владимирская область,NON-FOOD,СОЖ,154.02257073751966,71893.54948593558
367,2022-01-24,1,Краснодарский край,CAFÉ,Кофейные напитки с молоком,3888.362318308636,987602.1698073313
368,2022-01-18,2,Республика Адыгея (Адыгея),NON-FOOD,Карты лояльности,16.29980076480726,2818.064557950429
369,2022-02-01,2,Республика Хакасия,NON-FOOD,Карты лояльности,13.72552952957138,3953.6045104583404
370,2022-02-12,6,Томская область,NON-FOOD,Уход за автомобилем,58.74497530363866,12831.96073097976
371,2022-02-16,3,Алтайский край,Прочие услуги,Услуги АЗС/АЗК,155.8512064466875,14.957902922112105
372,2022-02-09,3,Республика Карелия,NON-FOOD,"Автомобильные масла и смазки пластичные ""Газпром нефть"" (фасованные)",10.478933019457699,786.9187851642349
373,2022-02-24,4,Краснодарский край,FOOD,Энергетические напитки,1856.3271455711524,385574.9648786634
374,2022-03-03,4,Ивановская область,Прочие услуги,Услуги АЗС/АЗК,102.02144387869899,10.226615419769672
375,2022-03-12,6,Курская область,FOOD,Вода,87.31631827542485,9704.76081356868
376,2022-03-22,2,Нижегородская область,FOOD,Бакалея,31.617743410115303,4433.830655461681
377,2022-03-29,2,Московская область,NON-FOOD,"Автомобильные масла и смазки пластичные ""Газпром нефть"" (фасованные)",385.6666865938607,489001.5043979559
378,2022-04-01,5,Псковская область,NON-FOOD,Очки для водителя,8.422442575018007,4842.273035603555
379,2022-03-27,7,Смоленская область,NON-FOOD,Уход за автомобилем,21.148953124239572,2261.1212602092364
380,2022-04-07,4,Москва г,NON-FOOD,Очки для водителя,38.49934485845764,49645.57482357715
381,2022-04-18,1,Смоленская область,FOOD,"Сладкие газированные напитки, холодный чай",70.05635464306737,10656.278633422526
382,2022-04-17,7,Краснодарский край,FOOD,Энергетические напитки,1735.6285332797538,455261.6689921713
383,2022-04-13,3,Республика Башкортостан,NON-FOOD,"Автомобильные масла и смазки пластичные ""Газпром нефть"" (фасованные)",18.046017892948193,17326.164765405658
384,2022-05-09,1,Тюменская область,NON-FOOD,Автотовары,150.234233053032,127399.54451650621
385,2022-05-22,7,Курганская область,CAFÉ,Общественное питание,773.6169323884801,198931.00338056977
386,2022-05-27,5,Томская область,NON-FOOD,Автотовары,28.446568118408454,12801.831478993408
387,2022-06-17,5,Свердловская область,FOOD,Энергетические напитки,3939.9133984859177,765887.5452801372
388,2022-06-14,2,Костромская область,FOOD,Гастроном,58.98704058747963,7651.623314941444
389,2022-07-16,6,Томская область,FOOD,"Сладкие газированные напитки, холодный чай",330.9267995015391,51593.93356523668
390,2022-07-03,7,Республика Мордовия,FOOD,Кондитерские изделия,183.17590937224935,19958.999316772362
391,2022-07-01,5,Ивановская область,FOOD,Энергетические напитки,882.9028013333498,176772.3473267699
392,2022-07-14,4,Республика Татарстан (Татарстан),Прочие услуги,Услуги АЗС/АЗК,14.60765050335655,3.3523086452617648
393,2022-07-27,3,Томская область,NON-FOOD,"Автохимия и автокосметика (кроме масел, смазок и СОЖ)",41.49185679163617,19659.112794836852
394,2022-07-28,4,Алтайский край,FOOD,Пиво,13.540640226508991,1856.8343188571819
395,2022-08-03,3,Новгородская область,Прочие услуги,Услуги АЗС/АЗК,122.9565513917452,4.253886140254581
396,2022-08-07,7,Московская область,Прочие услуги,Услуги АЗС/АЗК,679.5269150615023,1438.8694218788485
397,2022-08-22,1,Орловская область,FOOD,Кондитерские изделия,19.7705835026442,2106.4288131114054
398,2022-09-29,4,Омская область,FOOD,"Сладкие газированные напитки, холодный чай",1485.3346327248144,216758.0177224086
399,2022-09-19,1,Республика Хакасия,NON-FOOD,"Автохимия и автокосметика (кроме масел, смазок и СОЖ)",24.67727656263238,16833.466309189113
400,2022-10-09,7,Владимирская область,FOOD,Спортивные напитки,15.850393846065618,1566.7661199002737
401,2022-10-06,4,Рязанская область,NON-FOOD,"Автохимия и автокосметика (кроме масел, смазок и СОЖ)",42.687509888794935,24217.77021016404
402,2022-11-05,6,Пермский край,NON-FOOD,Сезонные товары,8.304646425294768,2868.081356194707
403,2022-12-24,6,Новосибирская область,NON-FOOD,"Автомобильные масла и смазки пластичные ""Газпром нефть"" (фасованные)",162.01085997958754,188787.61310485986
404,2022-12-26,1,Московская область,NON-FOOD,"Хозяйственные товары, персональный уход",2006.1351805460467,843365.0692848652
405,2022-12-31,6,Белгородская область,FOOD,"Сладкие газированные напитки, холодный чай",61.331410609906484,7817.074052651098
406,2023-01-14,6,Воронежская область,NON-FOOD,Автомобильные масла и смазки пластичные (фасованные),2.0832991724110883,3386.745334064839
407,2023-02-02,4,Чувашская республика - Чувашия,FOOD,Кондитерские изделия,168.95755378966865,26654.99937987484
408,2023-03-15,3,Ивановская область,FOOD,Вода,720.1461951978806,92541.37167071919
409,2023-02-22,3,Кемеровская область-Кузбасс,FOOD,Снеки,744.9076782326034,112575.03911960963
410,2023-03-10,5,Ростовская область,FOOD,"Сладкие газированные напитки, холодный чай",54.77297367311324,7737.104773956949
411,2023-03-12,7,Республика Татарстан (Татарстан),NON-FOOD,"Хозяйственные товары, персональный уход",21.392867688250327,3498.5176588093855
412,2023-03-07,2,Владимирская область,CAFÉ,Общественное питание,1391.7526469042095,298909.1070833896
413,2023-04-20,4,Пермский край,NON-FOOD,Очки для водителя,25.649547759148895,20636.134538125883
414,2023-04-22,6,Республика Алтай,NON-FOOD,Уход за автомобилем,16.535704767124088,2373.536488391611
415,2023-05-11,4,Челябинская область,FOOD,Вода,2074.5979687493345,255801.21656609696
416,2023-05-11,4,Нижегородская область,FOOD,Вода,1321.8057773350406,177838.82321255884
417,2023-05-29,1,Калужская область,NON-FOOD,"Автохимия и автокосметика (кроме масел, смазок и СОЖ)",67.67035646940624,39064.915912832235
418,2023-06-22,4,Новгородская область,NON-FOOD,Уход за автомобилем,112.80785458580579,39354.51025628339
419,2023-06-10,6,Рязанская область,FOOD,БАДы,17.29856279189891,3706.689150241573
420,2023-06-07,3,Новгородская область,NON-FOOD,Карты лояльности,13.129777307414656,3385.9755107568976
421,2023-07-06,4,Новосибирская область,FOOD,Снеки,1230.1341586479696,232285.31801240877
422,2023-06-23,5,Псковская область,FOOD,Снеки,133.65963450441797,21747.724213156314
423,2023-06-22,4,Тверская область,FOOD,Соки и сокосодержащие напитки,95.01942551691513,18290.265363760864
424,2023-07-22,6,Кемеровская область-Кузбасс,FOOD,Кондитерские изделия,3683.6778352297506,535150.4695778716
425,2023-07-23,7,Республика Мордовия,FOOD,Табачные изделия,571.6532626068031,159092.53806795375
426,2023-07-27,4,Самарская область,FOOD,Снеки,500.4711106943152,91954.98030221157
427,2023-07-30,7,Орловская область,NON-FOOD,"Хозяйственные товары, персональный уход",27.503123071965824,4404.926185153475
428,2023-08-02,3,Кемеровская область-Кузбасс,NON-FOOD,"Автохимия и автокосметика (кроме масел, смазок и СОЖ)",232.2409733865242,221650.65640717483
429,2023-07-25,2,Ханты-Мансийский автономный округ - Югра,FOOD,Энергетические напитки,1302.3425258360162,351793.5768446527
430,2023-08-17,4,Самарская область,NON-FOOD,Сезонные товары,32.98846959068114,30176.72942489042
431,2023-08-17,4,Омская область,FOOD,Спортивные напитки,14.641944501164666,1865.447073975458
432,2023-08-21,1,Липецкая область,NON-FOOD,Уход за автомобилем,7.337163287329009,464.3506689594173
433,2023-08-16,3,Нижегородская область,CAFÉ,Прочие напитки кафе,1668.524376867552,401250.40176452656
434,2023-08-28,1,Ростовская область,FOOD,Гастроном,13.891548075562245,1799.2485657059703
435,2023-08-30,3,Новосибирская область,NON-FOOD,Карты лояльности,182.678645685261,56654.018005813705
436,2023-08-31,4,Пензенская область,CAFÉ,Кофейные напитки с молоком,302.2360477217177,103875.09181359696
437,2023-08-27,7,Владимирская область,NON-FOOD,Очки для водителя,9.605514671768114,3659.668254443039
438,2023-09-16,6,Мурманская область,NON-FOOD,Автотовары,65.95073764368082,51253.804371685925
439,2023-09-07,4,Республика Хакасия,FOOD,Гастроном,39.54417213814399,6569.004485670124
440,2023-09-08,5,Челябинская область,NON-FOOD,Автохимия наливная на ТРК,6.183911826957347,9429.337956164614
441,2023-09-04,1,Калужская область,NON-FOOD,Очки для водителя,2.2342445702769087,4075.6176608896826
442,2023-09-21,4,Республика Адыгея (Адыгея),FOOD,"Сладкие газированные напитки, холодный чай",473.6533140965836,85344.6231666427
443,2023-09-22,5,Республика Алтай,FOOD,"Сладкие газированные напитки, холодный чай",61.512381964041346,12181.082888967981
444,2023-10-05,4,Самарская область,FOOD,"Сладкие газированные напитки, холодный чай",625.3046400722527,104256.41909098848
445,2023-10-15,7,Тверская область,FOOD,Табачные изделия,1951.26607914513,631022.6149404444
446,2023-10-13,5,Краснодарский край,FOOD,Снеки,991.34533312968,187082.20005983821
447,2023-10-26,4,Ямало-Ненецкий автономный округ,NON-FOOD,Уход за автомобилем,167.82160447582228,64763.30058315979
448,2023-10-29,7,Омская область,NON-FOOD,СОЖ,251.95372047596106,201297.06695750187
449,2021-01-07,4,Республика Адыгея (Адыгея),CAFÉ,Прочие напитки кафе,489.54104733227695,80513.76558674221
450,2021-01-21,4,Тюменская область,FOOD,Табачные изделия,17547.31107127939,4044797.8050855175
451,2021-01-31,7,Пермский край,NON-FOOD,СОЖ,79.35404478215551,46722.86499512751
452,2021-01-17,7,Ивановская область,FOOD,Соки и сокосодержащие напитки,77.15313618207303,11461.302697838139
453,2021-01-25,1,Ленинградская область,NON-FOOD,Сезонные товары,22.38327555434478,6344.0021470045
454,2021-02-15,1,Калининградская область,NON-FOOD,СОЖ,66.35197551775867,28619.01227046605
455,2021-01-07,4,Ямало-Ненецкий автономный округ,FOOD,Спортивные напитки,10.531759437545494,1243.1798598362002
456,2021-01-26,2,Ивановская область,FOOD,Табачные изделия,4011.0177037538597,926479.4142038033
457,2023-06-27,2,Калужская область,NON-FOOD,Очки для водителя,14.73144577808545,8901.54545341058
458,2023-06-29,4,Томская область,NON-FOOD,Карты лояльности,32.62275297224505,8459.076857974003
459,2023-07-06,4,Тульская область,NON-FOOD,"Хозяйственные товары, персональный уход",111.0524468245662,15812.239002031114
460,2023-07-09,7,Вологодская область,NON-FOOD,"Автохимия и автокосметика (кроме масел, смазок и СОЖ)",16.170945579277376,7696.488446723493
461,2023-07-13,4,Республика Хакасия,FOOD,Снеки,67.3773298204291,10223.642510673228
462,2023-08-23,3,Санкт-Петербург г.,FOOD,"Сладкие газированные напитки, холодный чай",2524.9910483069957,458291.75740244717
463,2023-08-24,4,Тюменская область,NON-FOOD,"Автомобильные масла и смазки пластичные ""Газпром нефть"" (фасованные)",262.1290293440206,324083.8114628774
464,2023-09-12,2,Владимирская область,NON-FOOD,"Автохимия и автокосметика (кроме масел, смазок и СОЖ)",52.49405613088565,78426.41220540467
465,2023-08-26,6,Санкт-Петербург г.,NON-FOOD,Автомобильные масла и смазки пластичные (фасованные),34.92034145959516,71424.88927300135
466,2023-08-31,4,Свердловская область,FOOD,Спортивные напитки,24.945447658928337,2296.208551336983
467,2023-10-04,3,Республика Татарстан (Татарстан),NON-FOOD,"Автомобильные масла и смазки пластичные ""Газпром нефть"" (фасованные)",11.542839347933231,19152.62908421759
468,2023-10-17,2,Москва г,FOOD,Гастроном,908.9450474906532,166185.23476389592
469,2023-10-12,4,Омская область,FOOD,"Сладкие газированные напитки, холодный чай",1341.1576453870732,267131.17282412347
470,2023-10-22,7,Ханты-Мансийский автономный округ - Югра,NON-FOOD,Очки для водителя,16.373447258571375,16299.272550393818
471,2023-10-18,3,Новгородская область,NON-FOOD,Автотовары,67.94606421600832,69126.81733674248
472,2023-10-27,5,Тверская область,FOOD,Табачные изделия,2244.852196963998,696255.2807057976
473,2021-02-06,6,Воронежская область,FOOD,Бакалея,67.6397210582776,2588.5407909317255
474,2021-01-02,6,Республика Мордовия,NON-FOOD,"Автомобильные масла и смазки пластичные ""Газпром нефть"" (фасованные)",11.02397492512515,6672.611274504742
475,2021-01-05,2,Красноярский край,Прочие услуги,Услуги АЗС/АЗК,3.760044716646213,3.3021707910774514
476,2021-02-01,1,Томская область,FOOD,Соки и сокосодержащие напитки,28.993761610872514,3060.720361016338
477,2021-01-06,3,Пензенская область,FOOD,Гастроном,15.463769217159165,2296.080856168368
478,2021-01-15,5,Алтайский край,NON-FOOD,Тиражная лотерея,11.223301872423992,1438.7343262235745
479,2021-01-16,6,Пензенская область,NON-FOOD,"Автохимия и автокосметика (кроме масел, смазок и СОЖ)",28.847915798152787,8769.233907905142
480,2021-02-18,4,Ярославская область,Прочие услуги,Услуги мойки,32.05128367850914,10659.137200130388
481,2021-03-12,5,Челябинская область,FOOD,Бакалея,49.70744153902119,5454.231275812573
482,2021-03-18,4,Иркутская область,NON-FOOD,"Хозяйственные товары, персональный уход",205.4334186071739,10103.892174963812
483,2021-03-23,2,Свердловская область,FOOD,Гастроном,602.5815182866702,79764.09246575253
484,2021-03-28,7,Республика Татарстан (Татарстан),NON-FOOD,Карты лояльности,8.343852371329628,1126.561319493581
485,2021-04-10,6,Омская область,,Очки для водителя,11.786719403476509,3570.4283206263267
486,2021-04-19,1,Калининградская область,FOOD,Энергетические напитки,204.3270578796616,31877.890643179377
487,2021-04-19,1,Томская область,NON-FOOD,"Автомобильные масла и смазки пластичные ""Газпром нефть"" (фасованные)",27.364508079102862,23513.694009974202
488,2021-04-19,1,Республика Мордовия,FOOD,Кондитерские изделия,54.45846727992573,6326.394785643619
489,2021-04-22,4,Красноярский край,NON-FOOD,"Автохимия и автокосметика (кроме масел, смазок и СОЖ)",121.74296100237979,89147.86132625458
490,2021-03-18,4,Псковская область,FOOD,Снеки,56.62649850060129,8760.606776276061
491,2021-03-27,6,Новосибирская область,FOOD,Табачные изделия,17481.105326165554,4253641.76758134
492,2021-03-27,6,Курская область,FOOD,Вода,102.6925438258017,11309.303275226193
493,2021-04-13,2,Самарская область,NON-FOOD,Уход за автомобилем,151.37734106962125,27515.291616958184
494,2021-04-15,4,Республика Татарстан (Татарстан),NON-FOOD,"Автомобильные масла и смазки пластичные ""Газпром нефть"" (фасованные)",24.972553687065428,10280.72382976594
495,2021-04-21,3,Иркутская область,NON-FOOD,"Хозяйственные товары, персональный уход",201.96971364447919,9432.552492986566
496,2021-04-21,3,Алтайский край,NON-FOOD,"Автохимия и автокосметика (кроме масел, смазок и СОЖ)",102.71749705190165,39244.98240845161
497,2021-04-26,1,Владимирская область,NON-FOOD,"Автохимия и автокосметика (кроме масел, смазок и СОЖ)",52.00637747187507,43549.359133152575
498,2021-04-24,6,Самарская область,NON-FOOD,Карты лояльности,46.92441424819475,13526.340181613057
499,2021-05-25,2,Тюменская область,NON-FOOD,"Автохимия и автокосметика (кроме масел, смазок и СОЖ)",371.2875474373257,201896.41968553953
500,2021-05-28,5,Челябинская область,NON-FOOD,Автомобильные масла и смазки пластичные (фасованные),47.17543978066833,54638.67078550755
